id,first_name,last_name,email
1,Ervin,Firle,efirle0@dmoz.org
2,Erhard,Dunmore,edunmore1@newyorker.com
3,Breanne,Vasyanin,bvasyanin2@sitemeter.com
4,Oates,MacLleese,omaclleese3@pcworld.com
5,Abigail,Neeve,aneeve4@amazonaws.com
6,Meghann,Hamberston,mhamberston5@cdc.gov
7,Raleigh,Bigby,rbigby6@accuweather.com
8,Cesar,Karolyi,ckarolyi7@wordpress.org
9,Cecilia,Imloch,cimloch8@businessweek.com
10,Garey,Prinett,gprinett9@desdev.cn
11,Helena,Barensen,hbarensena@oracle.com
12,Keven,Holdforth,kholdforthb@w3.org
13,Hildagarde,Harnott,hharnottc@tuttocitta.it
14,Babette,Giottini,bgiottinid@cisco.com
15,Samuel,Matejka,smatejkae@delicious.com
16,April,Loffel,aloffelf@miibeian.gov.cn
17,Robinette,Waterhous,rwaterhousg@quantcast.com
18,Guenna,Catmull,gcatmullh@cbslocal.com
19,Iorgo,Cowling,icowlingi@blogs.com
20,Griswold,Nelle,gnellej@usa.gov
21,Chantal,Randal,crandalk@google.pl
22,Alejoa,Feldheim,afeldheiml@mlb.com
23,Philip,Davidde,pdaviddem@narod.ru
24,Hansiain,Ninnis,hninnisn@china.com.cn
25,Emmalee,Shilladay,eshilladayo@google.ru
26,Oona,Dudill,odudillp@bluehost.com
27,Rad,Bolland,rbollandq@nymag.com
28,Shaine,Cumo,scumor@shop-pro.jp
29,Maitilde,Durnford,mdurnfords@china.com.cn
30,Deerdre,Ringe,dringet@instagram.com
31,Martainn,MacPaik,mmacpaiku@ehow.com
32,Jessalyn,Kitchenside,jkitchensidev@wunderground.com
33,Avram,Emms,aemmsw@narod.ru
34,Octavius,Bear,obearx@twitter.com
35,Pearl,Menichini,pmenichiniy@upenn.edu
36,Taddeusz,Lyall,tlyallz@sourceforge.net
37,Farlee,Mardlin,fmardlin10@cbc.ca
38,Yvonne,Allflatt,yallflatt11@google.cn
39,Thorsten,Schimon,tschimon12@cloudflare.com
40,Robyn,Parman,rparman13@artisteer.com
41,Mureil,Greger,mgreger14@github.io
42,Corella,Leatham,cleatham15@purevolume.com
43,Bree,Probbing,bprobbing16@tripod.com
44,Faber,Van Hault,fvanhault17@sbwire.com
45,Daron,Chomley,dchomley18@cbc.ca
46,Jimmy,Bodycomb,jbodycomb19@myspace.com
47,Ari,Beynke,abeynke1a@yale.edu
48,Colet,Colman,ccolman1b@google.de
49,Christan,Jorgensen,cjorgensen1c@cisco.com
50,Dov,Godfroy,dgodfroy1d@tinyurl.com
51,Arnie,Rudolfer,arudolfer1e@t.co
52,Liva,Jerrems,ljerrems1f@shutterfly.com
53,Webster,Silby,wsilby1g@technorati.com
54,Nels,Glendza,nglendza1h@buzzfeed.com
55,Jorge,Kretschmer,jkretschmer1i@opensource.org
56,Sansone,Pamplin,spamplin1j@wisc.edu
57,Nani,Melly,nmelly1k@telegraph.co.uk
58,Ida,Lusgdin,ilusgdin1l@ox.ac.uk
59,Drucill,Sheen,dsheen1m@ucoz.ru
60,Manfred,Eakley,meakley1n@theatlantic.com
61,Parrnell,Garr,pgarr1o@networkadvertising.org
62,Floyd,Foulis,ffoulis1p@businessweek.com
63,Adair,Lipp,alipp1q@ebay.com
64,Madella,Calf,mcalf1r@ebay.co.uk
65,Joey,Patman,jpatman1s@hatena.ne.jp
66,Leeanne,Cockett,lcockett1t@admin.ch
67,Hewe,Wonfor,hwonfor1u@pbs.org
68,Gerrie,Pickthall,gpickthall1v@accuweather.com
69,Sonnie,Pantin,spantin1w@google.com.hk
70,Berti,Saylor,bsaylor1x@bluehost.com
71,Jefferson,Ferriman,jferriman1y@timesonline.co.uk
72,Kaja,Le Quesne,klequesne1z@mit.edu
73,Lacey,Hassett,lhassett20@1688.com
74,Trever,Skill,tskill21@indiegogo.com
75,Karlik,Mildmott,kmildmott22@blogtalkradio.com
76,Bayard,Malkie,bmalkie23@wikimedia.org
77,Orazio,Finn,ofinn24@umich.edu
78,Carroll,Voden,cvoden25@bloglines.com
79,Farica,Folbige,ffolbige26@smh.com.au
80,Deirdre,Yakubov,dyakubov27@psu.edu
81,Blondelle,Fancott,bfancott28@kickstarter.com
82,Paule,Puffett,ppuffett29@dyndns.org
83,Sibyl,Dabinett,sdabinett2a@google.com.au
84,Marna,Griffey,mgriffey2b@cmu.edu
85,Karita,Dudeney,kdudeney2c@wikispaces.com
86,Purcell,Kilgallen,pkilgallen2d@soup.io
87,Sidnee,Dorre,sdorre2e@theguardian.com
88,Muriel,Matyas,mmatyas2f@geocities.jp
89,Davita,Baughan,dbaughan2g@cnn.com
90,Juana,O'Codihie,jocodihie2h@xinhuanet.com
91,Verine,Gilham,vgilham2i@wisc.edu
92,Yul,Luesley,yluesley2j@sakura.ne.jp
93,Eli,Huggard,ehuggard2k@hostgator.com
94,Lemmy,Brain,lbrain2l@salon.com
95,Joice,Megahey,jmegahey2m@google.com.au
96,Tait,Medcalf,tmedcalf2n@mit.edu
97,Jenny,Sheilds,jsheilds2o@naver.com
98,Thorvald,Rainsdon,trainsdon2p@kickstarter.com
99,Faustina,O'Henecan,fohenecan2q@nih.gov
100,Cally,Stonham,cstonham2r@chicagotribune.com
101,Olivette,Jolliman,ojolliman2s@etsy.com
102,Chelsy,Rubinow,crubinow2t@forbes.com
103,Calli,Mackett,cmackett2u@moonfruit.com
104,Collen,Tineman,ctineman2v@ft.com
105,Bord,Forsdyke,bforsdyke2w@goo.ne.jp
106,Doria,Juszczyk,djuszczyk2x@cnn.com
107,Patrica,Stringer,pstringer2y@adobe.com
108,Salvador,Patkin,spatkin2z@usgs.gov
109,Park,Sawyers,psawyers30@boston.com
110,Hastings,Veldens,hveldens31@studiopress.com
111,Justine,Menico,jmenico32@tuttocitta.it
112,Wynn,Cossom,wcossom33@cnet.com
113,Chaddy,Lanphier,clanphier34@timesonline.co.uk
114,Octavia,Blachford,oblachford35@prnewswire.com
115,Lemuel,Kernock,lkernock36@ebay.com
116,Catharina,Foyle,cfoyle37@admin.ch
117,Elnar,Woodyear,ewoodyear38@latimes.com
118,Ulises,Northam,unortham39@51.la
119,Amalee,Clemson,aclemson3a@aboutads.info
120,Kaine,Thwaite,kthwaite3b@cmu.edu
121,Loleta,Tew,ltew3c@wikispaces.com
122,Yul,Parsley,yparsley3d@multiply.com
123,Isiahi,Millgate,imillgate3e@angelfire.com
124,Waylin,Haeslier,whaeslier3f@hexun.com
125,Marten,Worsalls,mworsalls3g@google.com.hk
126,Davon,Broy,dbroy3h@live.com
127,Jewel,McSherry,jmcsherry3i@bloglines.com
128,Justina,Southcoat,jsouthcoat3j@businesswire.com
129,Yettie,Baiden,ybaiden3k@google.fr
130,Dael,Eakins,deakins3l@ca.gov
131,Georgie,Goodayle,ggoodayle3m@tinypic.com
132,Corina,Van Castele,cvancastele3n@godaddy.com
133,Raimund,Donovan,rdonovan3o@i2i.jp
134,Anastasia,Garrison,agarrison3p@constantcontact.com
135,Dru,Eshelby,deshelby3q@eventbrite.com
136,Maiga,Olley,molley3r@nifty.com
137,Aurthur,Harcarse,aharcarse3s@apple.com
138,Cal,Kemme,ckemme3t@histats.com
139,Jacquenetta,Cursons,jcursons3u@mail.ru
140,Donnie,Gates,dgates3v@arstechnica.com
141,Ricki,Gogerty,rgogerty3w@rakuten.co.jp
142,Neda,Fishbourn,nfishbourn3x@pinterest.com
143,Boris,Muff,bmuff3y@webeden.co.uk
144,Emmalynne,Plumb,eplumb3z@samsung.com
145,Nikolai,Bubb,nbubb40@narod.ru
146,Hailee,Dymoke,hdymoke41@marriott.com
147,Henderson,Kubanek,hkubanek42@paginegialle.it
148,Jorey,Vannuccini,jvannuccini43@google.cn
149,Kyla,Nicolls,knicolls44@mashable.com
150,Antonetta,Moseby,amoseby45@buzzfeed.com
